order,family,genus,species,twomers,threemers,fourmers,fivemers,sixmers,all,gsz,perc2,perc3,perc4,perc5,perc6,perc.all,good.qual
Lepidoptera,Hesperiidae,Achalarus,Achalarus lyciades,424272,496524,1690740,352475,132084,3096095,5.66E+08,0.000749597,0.000877251,0.002987173,0.000622747,0.000233364,0.005470133,TRUE
Hymenoptera,Formicidae,Acromyrmex,Acromyrmex echinatior,1675922,361989,531016,179845,91974,2840746,2.95E+08,0.005681092,0.001227081,0.001800054,0.000609644,0.000311776,0.009629647,TRUE
Homoptera,Aphididae,Acyrthosiphon,Acyrthosiphon pisum,1007766,1978038,967264,641775,171708,4766551,5.41E+08,0.001862784,0.003656262,0.001787919,0.001186275,0.00031739,0.00881063,TRUE
Diptera,Culicidae,Aedes,Aedes aegypti,368266,1440564,1402872,635855,424158,4271715,1.38E+09,0.000266281,0.001041623,0.001014369,0.000459765,0.000306694,0.003088731,TRUE
Diptera,Culicidae,Aedes,Aedes albopictus,2012024,3633978,5045784,2381410,1703136,14776332,2.25E+09,0.000895427,0.001617258,0.002245565,0.001059818,0.00075796,0.006576027,TRUE
Coleoptera,Nitidulidae,Aethina,Aethina tumida,388754,375657,600192,229745,68226,1662574,2.34E+08,0.001661342,0.001605372,0.002564923,0.000981816,0.000291564,0.007105017,TRUE
Coleoptera,Buprestidae,Agrilus,Agrilus planipennis,102184,342135,372064,101825,49464,967672,3.53E+08,0.000289473,0.000969221,0.001054006,0.000288456,0.000140125,0.00274128,TRUE
Coleoptera,Staphylinidae,Aleochara,Aleochara bilineata,9936,139275,343740,276240,67782,836973,8.50E+07,0.000116894,0.001638529,0.004044,0.003249882,0.000797435,0.009846741,TRUE
Plecoptera,Nemouridae,Amphinemura,Amphinemura sulcicollis,158054,339285,436492,211205,218502,1363538,2.71E+08,0.000583225,0.001251974,0.001610672,0.000779354,0.00080628,0.005031506,FALSE
Lepidoptera,Pyralidae,Amyelois,Amyelois transitella,309164,233127,2379076,236960,60762,3219089,4.06E+08,0.000761488,0.000574204,0.005859793,0.000583645,0.00014966,0.007928791,TRUE
Diptera,Culicidae,Anopheles,Anopheles alnimanus,932852,1053651,529260,122555,66882,2705200,1.73E+08,0.005392208,0.006090468,0.003059306,0.00070841,0.000386601,0.015636994,TRUE
Diptera,Culicidae,Anopheles,Anopheles aquasalis,619450,1156320,574456,156245,79224,2585695,1.62E+08,0.003823765,0.007137778,0.003546025,0.000964475,0.000489037,0.01596108,TRUE
Diptera,Culicidae,Anopheles,Anopheles arabiensis,1360960,841755,435012,111285,47970,2796982,2.46E+08,0.005532358,0.003421768,0.001768341,0.000452378,0.000195,0.011369846,TRUE
Diptera,Culicidae,Anopheles,Anopheles atroparvus,383784,397557,300380,82025,36492,1200238,2.24E+08,0.001713321,0.001774808,0.001340982,0.000366183,0.000162911,0.005358205,TRUE
Diptera,Culicidae,Anopheles,Anopheles christyi,790064,410523,278084,74370,24762,1577803,1.72E+08,0.004593395,0.002386762,0.001616767,0.000432384,0.000143965,0.009173273,TRUE
Diptera,Culicidae,Anopheles,Anopheles coluzzii,1163484,817512,429260,108300,47274,2565830,2.24E+08,0.005194125,0.003649607,0.001916339,0.000483482,0.000211045,0.011454598,TRUE
Diptera,Culicidae,Anopheles,Anopheles cracens,1148660,741687,611920,158085,67770,2728122,3.26E+08,0.003523497,0.002275113,0.001877055,0.000484923,0.000207883,0.008368472,TRUE
Diptera,Culicidae,Anopheles,Anopheles culicifacies,396308,337230,320352,69775,17844,1141509,2.02E+08,0.001961921,0.001669455,0.001585901,0.000345421,8.83E-05,0.005651035,TRUE
Diptera,Culicidae,Anopheles,Anopheles darlingi,927372,1132266,493668,149155,87738,2790199,1.36E+08,0.006818912,0.008325485,0.003629912,0.001096728,0.000645132,0.020516169,TRUE
Diptera,Culicidae,Anopheles,Anopheles dirus,1008946,601338,384616,99420,44226,2138546,2.16E+08,0.004671046,0.002783972,0.00178063,0.000460278,0.00020475,0.009900676,TRUE
Diptera,Culicidae,Anopheles,Anopheles epiroticus,723232,446673,344216,87430,35202,1636753,2.23E+08,0.003243193,0.002003018,0.00154357,0.000392063,0.000157857,0.0073397,TRUE
Diptera,Culicidae,Anopheles,Anopheles farauti,667104,459516,322780,90645,45804,1585849,1.83E+08,0.003645377,0.002511016,0.001763825,0.000495328,0.000250295,0.008665842,TRUE
Diptera,Culicidae,Anopheles,Anopheles funestus,478518,323427,300756,80000,25614,1208315,2.25E+08,0.002126747,0.001437453,0.001336693,0.000355556,0.00011384,0.005370289,TRUE
Diptera,Culicidae,Anopheles,Anopheles gambiae,1601070,1001064,503396,131320,72702,3309552,2.73E+08,0.005864725,0.003666901,0.001843941,0.000481026,0.000266308,0.012122901,TRUE
Diptera,Culicidae,Anopheles,Anopheles koliensis,430940,403608,283380,79880,36924,1234732,1.51E+08,0.002853907,0.002672901,0.001876689,0.000529007,0.00024453,0.008177033,TRUE
Diptera,Culicidae,Anopheles,Anopheles maculatus,1887986,1186881,803276,190930,79386,4148459,4.62E+08,0.00408655,0.002569006,0.001738693,0.000413268,0.000171831,0.008979348,TRUE
Diptera,Culicidae,Anopheles,Anopheles melas,1625614,816141,417916,105225,47196,3012092,2.24E+08,0.007257205,0.003643487,0.001865696,0.000469754,0.000210696,0.013446839,TRUE
Diptera,Culicidae,Anopheles,Anopheles merus,1582990,874269,446728,116660,53442,3074089,2.88E+08,0.005496493,0.003035656,0.001551139,0.000405069,0.000185563,0.01067392,TRUE
Diptera,Culicidae,Anopheles,Anopheles minimus,350876,292470,279448,62385,19200,1004379,2.01E+08,0.001745652,0.001455075,0.001390289,0.000310373,9.55E-05,0.00499691,TRUE
Diptera,Culicidae,Anopheles,Anopheles nili,246764,124311,127992,24340,13128,536535,9.80E+07,0.002518,0.00126848,0.001306041,0.000248367,0.000133959,0.005474847,FALSE
Diptera,Culicidae,Anopheles,Anopheles punctulatus,540600,363231,261984,78215,40812,1284842,1.46E+08,0.00370274,0.002487884,0.001794411,0.000535719,0.000279534,0.008800288,FALSE
Diptera,Culicidae,Anopheles,Anopheles quadriannulatus,1400404,832170,436312,108915,46464,2824265,2.83E+08,0.004948424,0.00294053,0.001541739,0.000384859,0.000164184,0.009979735,TRUE
Diptera,Culicidae,Anopheles,Anopheles sinensis,302276,390726,310156,76600,29892,1109650,2.20E+08,0.001373982,0.001776027,0.0014098,0.000348182,0.000135873,0.005043864,TRUE
Diptera,Culicidae,Anopheles,Anopheles stephensi,1010236,615948,449852,91105,31650,2198791,2.21E+08,0.004571204,0.002787095,0.002035529,0.00041224,0.000143213,0.009949281,TRUE
Coleoptera,Cerambycidae,Anoplophora,Anoplophora glabripennis,145050,571287,916444,229005,111954,1973740,7.07E+08,0.000205163,0.000808044,0.001296243,0.000323911,0.000158351,0.002791711,TRUE
Lepidoptera,Saturniidae,Antheraea,Antheraea yamamai,593244,510375,2362284,361945,76836,3904684,6.61E+08,0.000897495,0.000772126,0.003573803,0.000547572,0.000116242,0.005907238,TRUE
Hymenoptera,Formicidae,Aphaenogaster,Aphaenogaster ashmeadi,1175222,345441,434940,160495,82878,2198976,3.10E+08,0.003791039,0.001114326,0.001403032,0.000517726,0.000267348,0.007093471,TRUE
Hymenoptera,Formicidae,Aphaenogaster,Aphaenogaster floridana,1227522,367506,496416,181460,91872,2364776,3.82E+08,0.003213408,0.000962058,0.001299518,0.000475026,0.000240503,0.006190513,TRUE
Hymenoptera,Formicidae,Aphaenogaster,Aphaenogaster fulva,1050022,325263,424184,145370,70236,2015075,3.46E+08,0.003034746,0.000940066,0.001225965,0.000420145,0.000202994,0.005823916,TRUE
Hymenoptera,Formicidae,Aphaenogaster,Aphaenogaster miamiana,1160922,358971,465032,165595,85524,2236044,3.42E+08,0.003394509,0.001049623,0.001359743,0.000484196,0.00025007,0.00653814,TRUE
Hymenoptera,Formicidae,Aphaenogaster,Aphaenogaster picea,1120058,353463,459584,160050,78174,2171329,3.86E+08,0.002901705,0.000915707,0.001190632,0.000414637,0.000202523,0.005625205,TRUE
Hymenoptera,Formicidae,Aphaenogaster,Aphaenogaster rudis,1145204,354435,486272,165195,84756,2235862,3.95E+08,0.002899251,0.000897304,0.001231068,0.000418215,0.000214572,0.00566041,TRUE
Hymenoptera,Apidae,Apis,Apis cerana,1122340,610830,644580,259990,102144,2739884,2.28E+08,0.004922544,0.002679079,0.002827105,0.001140307,0.000448,0.012017035,TRUE
Hymenoptera,Apidae,Apis,Apis dorsata,1374472,756228,769904,334525,129144,3364273,2.30E+08,0.005975965,0.003287948,0.003347409,0.001454457,0.000561496,0.014627274,TRUE
Hymenoptera,Apidae,Apis,Apis florea,1882784,844920,734120,274070,94686,3830580,2.30E+08,0.008186017,0.003673565,0.003191826,0.001191609,0.000411678,0.016654696,TRUE
Hymenoptera,Apidae,Apis,Apis mellifera,1772126,902577,887540,364405,149124,4075772,2.50E+08,0.007088504,0.003610308,0.00355016,0.00145762,0.000596496,0.016303088,TRUE
Hymenoptera,Tenthredinidae,Athalia,Athalia rosae,415602,421896,458444,117225,94302,1507469,1.63E+08,0.002549706,0.002588319,0.00281254,0.000719172,0.00057854,0.009248276,TRUE
Hymenoptera,Formicidae,Atta,Atta cephalotes,3008122,482619,659568,204885,82152,4437346,3.17E+08,0.009489344,0.001522457,0.002080656,0.000646325,0.000259155,0.013997937,TRUE
Hymenoptera,Formicidae,Atta,Atta colombica,2102910,397521,589676,163465,76698,3330270,2.91E+08,0.007226495,0.001366052,0.002026378,0.000561735,0.000263567,0.011444227,TRUE
Diptera,Tephritidae,Bactrocera,Bactrocera dorsalis,418734,602352,960440,179895,89934,2251355,4.14E+08,0.001011435,0.001454957,0.002319903,0.000434529,0.000217232,0.005438056,TRUE
Diptera,Tephritidae,Bactrocera,Bactrocera latifrons,552900,686325,1120764,213970,138558,2712517,4.62E+08,0.001196753,0.001485552,0.002425896,0.000463139,0.000299909,0.005871249,TRUE
Diptera,Tephritidae,Bactrocera,Bactrocera oleae,745742,665649,1191876,247240,135402,2985909,4.71E+08,0.001583316,0.001413268,0.002530522,0.000524926,0.000287478,0.00633951,TRUE
Diptera,Tephritidae,Bactrocera,Bactrocera tryoni,455578,681705,1220040,233055,132840,2723218,5.19E+08,0.0008778,0.001313497,0.002350751,0.000449046,0.000255954,0.005247048,TRUE
Ephemeroptera,Baetidae,Baetis,Baetis rhodani,272730,250320,278232,34810,13854,849946,1.74E+08,0.001567414,0.001438621,0.001599034,0.000200057,7.96E-05,0.004884747,FALSE
Diptera,Chironomidae,Belgica,Belgica antarctica,5828,57777,83696,17170,7404,171875,8.90E+07,6.55E-05,0.00064918,0.000940404,0.000192921,8.32E-05,0.00193118,TRUE
Hemiptera,Aleyrodidae,Bemisia,Bemisia tabaci,141614,420258,606244,278800,83148,1530064,6.15E+08,0.000230267,0.000683346,0.000985763,0.000453333,0.0001352,0.002487909,TRUE
Lepidoptera,Nymphalidae,Bicyclus,Bicyclus anynana,225528,1144071,1773556,509755,146214,3799124,4.75E+08,0.000474796,0.002408571,0.003733802,0.001073168,0.000307819,0.007998156,TRUE
Blattodea,Ectobiidae,Blattella,Blattella germanica,1744170,8399409,6624868,1778435,482760,19029642,2.04E+09,0.000856244,0.004123421,0.003252267,0.000873066,0.000236996,0.009341994,TRUE
Hymenoptera,Apidae,Bombus,Bombus impatiens,816804,292101,357920,116690,78804,1662319,2.49E+08,0.003280337,0.001173096,0.00143743,0.000468635,0.000316482,0.00667598,TRUE
Hymenoptera,Apidae,Bombus,Bombus terrestris,472500,262809,343600,111230,60288,1250427,2.48E+08,0.001905242,0.001059714,0.001385484,0.000448508,0.000243097,0.005042044,TRUE
Lepidoptera,Bombycidae,Bombyx,Bombyx huttoni,476942,512712,812936,263490,73614,2139694,4.50E+08,0.001059871,0.00113936,0.001806524,0.000585533,0.000163587,0.004754876,FALSE
Lepidoptera,Bombycidae,Bombyx,Bombyx mori,342738,624846,1113840,349620,90786,2521830,4.81E+08,0.000712553,0.001299056,0.002315676,0.000726861,0.000188744,0.00524289,TRUE
Lepidoptera,Riodinidae,Calephelis,Calephelis nemesis,569872,791244,2483500,429535,124986,4399137,8.08E+08,0.000705287,0.000979262,0.003073639,0.000531603,0.000154686,0.005444476,TRUE
Lepidoptera,Riodinidae,Calephelis,Calephelis virginiensis,779172,768213,2655556,519305,184794,4907040,8.55E+08,0.000911312,0.000898495,0.003105913,0.000607374,0.000216133,0.005739228,TRUE
Diptera,Calliphoridae,Calliphora,Calliphora vicina,117424,498192,987356,126895,31116,1760983,4.59E+08,0.000255826,0.001085386,0.002151102,0.00027646,6.78E-05,0.003836564,FALSE
Odonata,Calopterygidae,Calopteryx,Calopteryx splendens,3352052,1101459,1932168,280390,55296,6721365,1.63E+09,0.002059,0.000676572,0.001186835,0.00017223,3.40E-05,0.004128603,TRUE
Lepidoptera,Lycaenidae,Calycopis,Calycopis cecrops,489154,1296087,2345304,541115,197652,4869312,7.28E+08,0.000671915,0.001780339,0.003221571,0.00074329,0.0002715,0.006688615,TRUE
Hymenoptera,Formicidae,Camponotus,Camponotus floridanus,2250806,461433,758648,300125,125628,3896640,2.84E+08,0.007925373,0.001624764,0.002671296,0.001056778,0.000442352,0.013720563,TRUE
Diplura,Japygidae,Catajapyx,Catajapyx aquilonaris,317142,1112088,481496,146995,56640,2114361,2.85E+08,0.001112779,0.003902063,0.00168946,0.000515772,0.000198737,0.007418811,TRUE
Hymenoptera,Pteromalidae,Cecidostiba,Cecidostiba fungosa,1485158,808461,279500,42960,24708,2640787,1.85E+08,0.008027881,0.004370059,0.001510811,0.000232216,0.000133557,0.014274524,TRUE
Hymenoptera,Pteromalidae,Cecidostiba,Cecidostiba semifascia,2740552,1122774,435968,80700,51510,4431504,2.87E+08,0.009548962,0.003912105,0.001519052,0.000281185,0.000179477,0.01544078,TRUE
,,CEME01,CEME01,298,1410,1676,180,180,3744,5.00E+06,5.96E-05,0.000282,0.0003352,3.60E-05,3.60E-05,0.0007488,FALSE
Hymenoptera,Cephidae,Cephus,Cephus cinctus,711528,212664,204072,58295,45678,1232237,1.62E+08,0.004392148,0.001312741,0.001259704,0.000359846,0.000281963,0.007606401,TRUE
Hymenoptera,Apidae,Ceratina,Ceratina calcarata,247806,266121,250184,71865,28872,864848,1.99E+08,0.001245256,0.001337291,0.001257206,0.000361131,0.000145085,0.00434597,TRUE
Diptera,Tephritidae,Ceratitis,Ceratitis capitata,1055914,1101987,1925860,2508160,365682,6957603,4.36E+08,0.002421821,0.002527493,0.00441711,0.005752661,0.00083872,0.015957805,TRUE
Hymenoptera,Agaonidae,Ceratosolen,Ceratosolen solmsi,3511262,1745400,1181712,251775,352134,7042283,2.77E+08,0.012676036,0.006301083,0.004266108,0.000908935,0.001271242,0.025423404,TRUE
Diptera,Chaoboridae,Chaoborus,Chaoborus trivitattus,248074,193914,494568,160730,91374,1188660,2.69E+08,0.000922208,0.00072087,0.001838543,0.000597509,0.00033968,0.00441881,FALSE
Lepidoptera,Crambidae,Chilo,Chilo suppressalis,182958,478407,847472,183495,27780,1720112,3.14E+08,0.000582669,0.001523589,0.002698955,0.000584379,8.85E-05,0.005478064,FALSE
Diptera,Chironomidae,Chironomus,Chironomus riparius,41054,252663,247760,75520,17904,634901,1.54E+08,0.000266584,0.001640669,0.001608831,0.00049039,0.00011626,0.004122734,TRUE
Diptera,Chironomidae,Chironomus,Chironomus tentans,33214,272508,331372,100350,29364,766808,2.13E+08,0.000155934,0.00127938,0.001555737,0.000471127,0.000137859,0.003600038,TRUE
,,Cimex,Cimex hemipterus,6380,2526,4408,990,258,14562,2.00E+06,0.00319,0.001263,0.002204,0.000495,0.000129,0.007281,FALSE
Hemiptera,Cimicidae,Cimex,Cimex lectularius,2388696,482790,1319516,221150,103224,4515376,5.10E+08,0.004683718,0.000946647,0.002587286,0.000433627,0.0002024,0.008853678,TRUE
Diptera,Ephydridae,Cirrula,Cirrula hians,891914,961446,1143476,433750,191862,3622448,3.99E+08,0.002235373,0.002409639,0.002865855,0.001087093,0.000480857,0.009078817,FALSE
Phasmatodea,Phasmatidae,Clitarchus,Clitarchus hookeri,7151982,1568427,4185560,822890,300816,14029675,3.80E+09,0.00188111,0.000412527,0.001100884,0.000216436,7.91E-05,0.003690078,TRUE
Diptera,Psychodidae,Clogmia,Clogmia albipunctata,97938,415260,399440,126495,12804,1051937,2.56E+08,0.00038257,0.001622109,0.001560313,0.000494121,5.00E-05,0.004109129,FALSE
Diptera,Chironomidae,Clunio,Clunio marinus,19724,109998,176396,58205,10254,374577,8.50E+07,0.000232047,0.001294094,0.002075247,0.000684765,0.000120635,0.004406788,TRUE
Diptera,Scatopsidae,Coboldia,Coboldia fuscipes,40656,128082,121216,54180,18684,362818,9.80E+07,0.000414857,0.001306959,0.001236898,0.000552857,0.000190653,0.003702224,TRUE
Diptera,Dolichopodidae,Condylostylus,Condylostylus patibulatus,85124,428661,969616,189730,56880,1730011,4.51E+08,0.000188745,0.000950468,0.002149925,0.000420687,0.00012612,0.003835945,FALSE
Hymenoptera,Encyrtidae,Copidosoma,Copidosoma floridanum,1605002,1917876,706764,137010,143292,4509944,5.53E+08,0.002902354,0.00346813,0.001278054,0.000247758,0.000259118,0.008155414,TRUE
Hymenoptera,Braconidae,Cotesia,Cotesia vestalis,506184,778989,686184,151805,127950,2251112,1.86E+08,0.002721419,0.004188113,0.003689161,0.000816156,0.000687903,0.012102753,TRUE
Blattodea,Kalotermitidae,Cryptotermes,Cryptotermes secundus,991984,1750701,2647084,529125,206874,6125768,1.02E+09,0.000974444,0.001719746,0.002600279,0.000519769,0.000203216,0.006017454,TRUE
Diptera,Culicidae,Culex,Culex quinquefasciatus,582442,797241,685024,510110,605376,3180193,5.79E+08,0.001005945,0.001376927,0.001183116,0.000881019,0.001045554,0.005492561,TRUE
Diptera,Ceratopogonidae,Culicoides,Culicoides sonorensis,322638,807375,396004,346710,39816,1912543,1.94E+08,0.001663082,0.004161727,0.002041258,0.001787165,0.000205237,0.009858469,TRUE
Hymenoptera,Formicidae,Cyphomyrmex,Cyphomyrmex costatus,1425996,380115,490248,141170,56538,2494067,3.00E+08,0.00475332,0.00126705,0.00163416,0.000470567,0.00018846,0.008313557,TRUE
,,Dactylopius,Dactylopius coccus,780,12384,3940,920,798,18822,1.80E+07,4.33E-05,0.000688,0.000218889,5.11E-05,4.43E-05,0.001045667,FALSE
Lepidoptera,Nymphalidae,Danaus,Danaus plexippus,534592,241515,444984,125855,34470,1381416,2.48E+08,0.002155613,0.000973851,0.00179429,0.00050748,0.000138992,0.005570226,TRUE
Coleoptera,Curculionidae,Dendroctonus,Dendroctonus ponderosae,30644,118083,184656,50085,15492,398960,2.52E+08,0.000121603,0.000468583,0.000732762,0.00019875,6.15E-05,0.001583175,TRUE
Coleoptera,Chrysomelidae,Diabrotica,Diabrotica virgifera,1187440,2879571,2582248,1026900,546126,8222285,2.41E+09,0.000492918,0.001195339,0.001071917,0.000426276,0.000226702,0.003413153,TRUE
Hymenoptera,Braconidae,Diachasma,Diachasma alloeum,479156,358554,413680,137205,55746,1444341,3.88E+08,0.001234938,0.000924108,0.001066186,0.000353621,0.000143675,0.003722528,TRUE
Hemiptera,Liviidae,Diaphorina,Diaphorina citri,2346490,3265014,1517252,442270,130536,7701562,4.85E+08,0.004838124,0.006731988,0.003128355,0.000911897,0.000269146,0.015879509,FALSE
Hymenoptera,Formicidae,Dinoponera,Dinoponera quadriceps,2283788,445047,647128,73700,26130,3475793,2.59E+08,0.008817714,0.001718328,0.002498564,0.000284556,0.000100888,0.01342005,TRUE
Hymenoptera,Braconidae,Diuraphis,Diuraphis noxia,882792,1248201,569300,344470,98766,3143529,3.95E+08,0.002234916,0.003160003,0.001441266,0.000872076,0.000250041,0.007958301,FALSE
Diptera,Drosophilidae,Drosophila,Drosophila albomicans,1378876,1304721,710000,338470,453666,4185733,2.53E+08,0.005450103,0.005157,0.002806324,0.001337826,0.001793146,0.016544399,FALSE
Diptera,Drosophilidae,Drosophila,Drosophila americana,1294434,938907,523636,145360,296652,3198989,1.63E+08,0.007941313,0.005760166,0.003212491,0.000891779,0.001819951,0.019625699,TRUE
Diptera,Drosophilidae,Drosophila,Drosophila ananassae,255564,376059,461096,150345,254802,1497866,2.30E+08,0.001111148,0.001635039,0.002004765,0.000653674,0.001107835,0.006512461,TRUE
Diptera,Drosophilidae,Drosophila,Drosophila arizonae,1342902,1033005,569496,177855,539754,3663012,1.41E+08,0.009524128,0.007326277,0.004038979,0.001261383,0.003828043,0.025978809,TRUE
Diptera,Drosophilidae,Drosophila,Drosophila biarmipes,133724,302862,274380,103020,133980,947966,1.69E+08,0.000791266,0.001792083,0.00162355,0.000609586,0.000792781,0.005609266,TRUE
Diptera,Drosophilidae,Drosophila,Drosophila bipectinata,212332,328590,354396,110560,160710,1166588,1.67E+08,0.001271449,0.001967605,0.002122132,0.000662036,0.000962335,0.006985557,TRUE
Diptera,Drosophilidae,Drosophila,Drosophila busckii,1258760,1152723,561664,178670,304650,3456467,1.35E+08,0.009324148,0.008538689,0.004160474,0.001323481,0.002256667,0.025603459,TRUE
Diptera,Drosophilidae,Drosophila,Drosophila elegans,274682,394404,318524,158750,236670,1383030,1.71E+08,0.001606327,0.002306456,0.001862713,0.000928363,0.001384035,0.008087895,TRUE
Diptera,Drosophilidae,Drosophila,Drosophila erecta,195074,273204,274092,111220,219108,1072698,1.52E+08,0.001283382,0.001797395,0.001803237,0.000731711,0.0014415,0.007057224,TRUE
Diptera,Drosophilidae,Drosophila,Drosophila eugracilis,413394,400962,397264,122705,214632,1548957,1.56E+08,0.002649962,0.002570269,0.002546564,0.000786571,0.001375846,0.009929212,TRUE
Diptera,Drosophilidae,Drosophila,Drosophila ficusphila,233144,383901,294452,122010,186996,1220503,1.52E+08,0.001533842,0.002525664,0.001937184,0.000802697,0.001230237,0.008029625,TRUE
Diptera,Drosophilidae,Drosophila,Drosophila grimshawi,1855788,1128060,537156,195855,385770,4102629,2.00E+08,0.00927894,0.0056403,0.00268578,0.000979275,0.00192885,0.020513145,TRUE
Diptera,Drosophilidae,Drosophila,Drosophila hydei,1285846,832188,450116,169470,524904,3262524,1.39E+08,0.009250691,0.005986964,0.003238245,0.001219209,0.003776288,0.023471396,TRUE
Diptera,Drosophilidae,Drosophila,Drosophila kikkawai,411992,539451,428892,149930,171342,1701607,1.64E+08,0.002512146,0.003289335,0.002615195,0.000914207,0.001044768,0.010375652,TRUE
Diptera,Drosophilidae,Drosophila,Drosophila melanogaster,304278,317967,282036,160375,129648,1194304,1.43E+08,0.002127818,0.002223545,0.00197228,0.001121503,0.000906629,0.008351776,TRUE
Diptera,Drosophilidae,Drosophila,Drosophila miranda,652632,526908,462872,318685,549102,2510199,1.36E+08,0.004798765,0.003874324,0.003403471,0.002343272,0.004037515,0.018457346,TRUE
Diptera,Drosophilidae,Drosophila,Drosophila mojavensis,1783154,1223766,846188,276595,680592,4810295,1.93E+08,0.00923914,0.006340756,0.004384394,0.001433135,0.003526383,0.024923808,TRUE
Diptera,Drosophilidae,Drosophila,Drosophila montana,1082918,881523,543580,167165,290490,2965676,1.83E+08,0.005917585,0.004817066,0.002970383,0.00091347,0.001587377,0.01620588,TRUE
Diptera,Drosophilidae,Drosophila,Drosophila nasuta,643152,699597,417408,191610,254052,2205819,1.37E+08,0.00469454,0.005106547,0.003046774,0.001398613,0.001854394,0.016100869,TRUE
Diptera,Drosophilidae,Drosophila,Drosophila navojoa,1382332,980739,587808,172510,476952,3600341,1.15E+08,0.012020278,0.008528165,0.005111374,0.001500087,0.004147409,0.031307313,FALSE
Diptera,Drosophilidae,Drosophila,Drosophila novamexicana,1341984,974646,612276,143985,528468,3601359,1.82E+08,0.007373538,0.005355198,0.003364154,0.000791126,0.00290367,0.019787687,TRUE
Diptera,Drosophilidae,Drosophila,Drosophila obscura,959322,810171,755128,503315,480690,3508626,1.81E+08,0.005300122,0.004476083,0.004171978,0.002780746,0.002655746,0.019384674,TRUE
Diptera,Drosophilidae,Drosophila,Drosophila persimilis,653534,572643,589252,364665,596010,2776104,1.88E+08,0.003476245,0.003045973,0.003134319,0.001939707,0.003170266,0.014766511,TRUE
Diptera,Drosophilidae,Drosophila,Drosophila pseudoobscura,659754,542298,481880,341350,571524,2596806,1.52E+08,0.004340487,0.00356775,0.003170263,0.002245724,0.003760026,0.01708425,TRUE
Diptera,Drosophilidae,Drosophila,Drosophila rhopaloa,203056,302202,366428,113805,152178,1137669,1.97E+08,0.001030741,0.00153402,0.001860041,0.00057769,0.000772477,0.00577497,TRUE
Diptera,Drosophilidae,Drosophila,Drosophila sechellia,244060,291183,271696,207235,105180,1119354,1.66E+08,0.001470241,0.001754114,0.001636723,0.001248404,0.000633614,0.006743096,TRUE
Diptera,Drosophilidae,Drosophila,Drosophila serrata,576566,628206,445576,189655,566202,2406205,1.98E+08,0.002911949,0.003172758,0.002250384,0.000957854,0.002859606,0.012152551,TRUE
Diptera,Drosophilidae,Drosophila,Drosophila simulans,230022,272079,240468,103460,109920,955949,1.24E+08,0.001855016,0.002194185,0.001939258,0.000834355,0.000886452,0.007709266,TRUE
Diptera,Drosophilidae,Drosophila,Drosophila subobscura,566072,568743,451972,224580,370254,2181621,1.17E+08,0.004838222,0.004861051,0.003863009,0.001919487,0.003164564,0.018646333,TRUE
Diptera,Drosophilidae,Drosophila,Drosophila suzukii,191930,356583,442172,133810,163746,1288241,2.32E+08,0.000827284,0.001536996,0.001905914,0.000576767,0.000705802,0.005552763,TRUE
Diptera,Drosophilidae,Drosophila,Drosophila takahashii,168666,388485,471068,139660,117918,1285797,1.82E+08,0.000926736,0.002134533,0.002588286,0.000767363,0.000647901,0.007064819,TRUE
Diptera,Drosophilidae,Drosophila,Drosophila virilis,1430168,974079,871440,142440,420708,3838835,2.06E+08,0.006942563,0.004728539,0.004230291,0.000691456,0.002042272,0.018635121,TRUE
Diptera,Drosophilidae,Drosophila,Drosophila willistoni,1373902,1017711,978496,202895,217038,3790042,2.35E+08,0.005846391,0.004330685,0.004163813,0.000863383,0.000923566,0.016127838,TRUE
Diptera,Drosophilidae,Drosophila,Drosophila yakuba,265142,325815,295884,139340,211692,1237873,1.65E+08,0.001606921,0.001974636,0.001793236,0.000844485,0.001282982,0.007502261,TRUE
,,Dryococelus,Dryococelus australis,11902854,1693446,3783684,790135,239742,18409861,3.42E+09,0.003484442,0.000495739,0.001107636,0.000231304,7.02E-05,0.005389304,FALSE
Hymenoptera,Halictidae,Dufourea,Dufourea novaeangliae,419138,244920,312632,68170,39498,1084358,2.79E+08,0.001502287,0.000877849,0.001120545,0.000244337,0.00014157,0.003886588,TRUE
Ephemeroptera,Ephemeridae,Ephemera,Ephemera danica,2303596,560031,643064,145080,35712,3687483,4.74E+08,0.004859907,0.0011815,0.001356675,0.000306076,7.53E-05,0.0077795,TRUE
Diptera,Ephydridae,Ephydra,Ephydra gracilis,301048,449556,738860,281825,162468,1933757,4.10E+08,0.000734263,0.001096478,0.001802098,0.000687378,0.000396263,0.00471648,TRUE
Diptera,Syrphidae,Eristalis,Eristalis dimidiata,164010,301236,258064,103370,67362,894042,3.15E+08,0.000520667,0.000956305,0.000819251,0.000328159,0.000213848,0.002838229,FALSE
Hymenoptera,Apidae,Eufriesea,Eufriesea mexicana,518618,447528,1717820,1259010,128190,4071166,5.96E+08,0.000870164,0.000750886,0.002882248,0.002112433,0.000215084,0.006830815,TRUE
Hymenoptera,Apidae,Euglossa,Euglossa Dilemma,604024,369897,461088,192425,128532,1755966,5.88E+08,0.001027252,0.000629077,0.000784163,0.000327253,0.000218592,0.002986337,TRUE
Hymenoptera,Eupelmidae,Eupelmus,Eupelmus annulatus,1592846,473610,545780,107875,66726,2786837,3.14E+08,0.005072758,0.001508312,0.001738153,0.000343551,0.000212503,0.008875277,TRUE
Hymenoptera,Eupelmidae,Eupelmus,Eupelmus urozonus,1991314,540468,654624,135475,92700,3414581,3.76E+08,0.005296048,0.001437415,0.001741021,0.000360306,0.000246543,0.009081332,TRUE
Diptera,Tephritidae,Eutreta,Eutreta diana,70558,363786,370112,86525,59226,950207,2.33E+08,0.000302824,0.001561313,0.001588464,0.000371352,0.000254189,0.004078142,FALSE
Hemiptera,Pseudococcidae,Ferrisia,Ferrisia virgata,409442,499005,649452,240250,169146,1967295,3.04E+08,0.001346849,0.001641464,0.002136355,0.000790296,0.000556401,0.006471365,TRUE
Diptera,Tephritidae,Fopius,Fopius arisanus,78344,139155,189008,43085,33456,483048,1.53E+08,0.000512052,0.00090951,0.001235346,0.000281601,0.000218667,0.003157176,TRUE
Thysanoptera,Thripidae,Frankliniella,Frankliniella occidentalis,1770820,974214,828424,578780,106710,4258948,2.78E+08,0.006369856,0.003504367,0.002979942,0.002081942,0.000383849,0.015319957,TRUE
Lepidoptera,Pyralidae,Galleria,Galleria mellonella,3239654,966087,2310704,386145,187740,7090330,578,0.005604938,0.001671431,0.003997758,0.000668071,0.00032481,0.012267007,TRUE
Hemiptera,Gerridae,Gerris,Gerris buenoi,1234404,1442763,2705744,395235,115110,5893256,994,0.001241855,0.001451472,0.002722076,0.000397621,0.000115805,0.005928829,TRUE
Diptera,Glossinidae,Glossina,Glossina austeni,2093022,1322217,1358676,313495,312660,5400070,370,0.005656816,0.003573559,0.003672097,0.000847284,0.000845027,0.014594784,TRUE
Diptera,Glossinidae,Glossina,Glossina brevipalpis,1747136,1104111,1218048,273780,218454,4561529,315,0.005546463,0.003505114,0.003866819,0.000869143,0.000693505,0.014481044,TRUE
Diptera,Glossinidae,Glossina,Glossina fuscipes,2021718,1250502,1227696,240290,185718,4925924,374,0.005405663,0.003343588,0.00328261,0.000642487,0.000496572,0.01317092,TRUE
Diptera,Glossinidae,Glossina,Glossina morsitans,1729982,1133928,1217928,234070,206172,4522080,366,0.004726727,0.003098164,0.003327672,0.000639536,0.000563311,0.01235541,TRUE
Diptera,Glossinidae,Glossina,Glossina pallidipes,1630880,1074285,1134336,206840,175380,4221721,357,0.004568291,0.003009202,0.003177412,0.000579384,0.000491261,0.011825549,TRUE
Diptera,Glossinidae,Glossina,Glossina palpalis,1840186,1196739,1165896,238695,183768,4625284,380,0.004842595,0.003149313,0.003068147,0.000628145,0.0004836,0.0121718,TRUE
Hymenoptera,Bethylidae,Goniozus,Goniozus legneri,1019364,123807,157860,28010,29172,1358213,140,0.007281171,0.000884336,0.001127571,0.000200071,0.000208371,0.009701521,TRUE
Hymenoptera,Apidae,Habropoda,Habropoda laboriosa,657194,345303,380180,108710,43962,1535349,296,0.00222025,0.001166564,0.001284392,0.000367264,0.00014852,0.00518699,TRUE
Diptera,Muscidae,Haematobia,Haematobia irritans,641766,554661,902632,636620,107808,2843487,1143,0.000561475,0.000485268,0.000789704,0.000556973,9.43E-05,0.00248774,FALSE
Hemiptera,Pentatomidae,Halyomorpha,Halyomorpha halys,1064796,1347954,2438036,534795,119502,5505083,998,0.00106693,0.001350655,0.002442922,0.000535867,0.000119741,0.005516115,TRUE
Hymenoptera,Formicidae,Harpegnathos,Harpergnathos saltator,5975190,1154460,1153836,336860,291846,8912192,334,0.01788979,0.003456467,0.003454599,0.001008563,0.00087379,0.02668321,TRUE
Lepidoptera,Nymphalidae,Heliconius,Heliconius cydno,134222,286185,594456,151605,44562,1211030,282,0.000475965,0.00101484,0.002108,0.000537606,0.000158021,0.004294433,FALSE
Lepidoptera,Nymphalidae,Heliconius,Heliconius elevatus,237220,372765,796216,202325,53418,1661944,364,0.000651703,0.00102408,0.002187407,0.000555838,0.000146753,0.00456578,FALSE
Lepidoptera,Nymphalidae,Heliconius,Heliconius ethilla,190298,290268,613216,155190,53922,1302894,282,0.000674816,0.001029319,0.002174525,0.000550319,0.000191213,0.004620191,FALSE
Lepidoptera,Nymphalidae,Heliconius,Heliconius hecale,49836,81858,164260,40585,12372,348911,78,0.000638923,0.001049462,0.002105897,0.000520321,0.000158615,0.004473218,FALSE
Lepidoptera,Nymphalidae,Heliconius,Heliconius hecuba,86304,180348,422232,125520,41580,855984,212,0.000407094,0.000850698,0.00199166,0.000592075,0.000196132,0.00403766,FALSE
Lepidoptera,Nymphalidae,Heliconius,Heliconius heurippa,192202,334398,678768,173100,54324,1432792,309,0.000622013,0.001082194,0.00219666,0.000560194,0.000175806,0.004636867,FALSE
Lepidoptera,Nymphalidae,Heliconius,Heliconius hierax,105368,197787,442112,130480,35424,911171,210,0.000501752,0.000941843,0.002105295,0.000621333,0.000168686,0.00433891,FALSE
Lepidoptera,Nymphalidae,Heliconius,Heliconius ismenius,157680,262746,554452,147565,38712,1161155,259,0.000608803,0.001014463,0.002140741,0.000569749,0.000149467,0.004483224,FALSE
Lepidoptera,Nymphalidae,Heliconius,Heliconius melpomene,204478,307869,723112,168400,58326,1462185,273,0.000749004,0.001127725,0.002648762,0.00061685,0.000213648,0.005355989,TRUE
Lepidoptera,Nymphalidae,Heliconius,Heliconius numata,183776,366423,789696,199960,50364,1590219,364,0.000504879,0.001006657,0.002169495,0.000549341,0.000138363,0.004368734,FALSE
Lepidoptera,Nymphalidae,Heliconius,Heliconius pachinus,105648,257469,512080,132685,44460,1052342,279,0.000378667,0.000922828,0.001835412,0.000475573,0.000159355,0.003771835,FALSE
Lepidoptera,Nymphalidae,Heliconius,Heliconius pardalinus,201940,309333,640612,165200,53502,1370587,293,0.000689215,0.001055744,0.002186389,0.000563823,0.000182601,0.004677771,FALSE
Lepidoptera,Nymphalidae,Heliconius,Heliconius timareta,189986,332301,679844,172275,50616,1425022,319,0.000595567,0.001041696,0.002131172,0.000540047,0.000158671,0.004467154,FALSE
Lepidoptera,Nymphalidae,Heliconius,Heliconius wallacei,332966,321786,731188,148365,22860,1557165,365,0.000912236,0.000881605,0.002003255,0.000406479,6.26E-05,0.004266205,FALSE
Lepidoptera,Nymphalidae,Heliconius,Heliconius xanthocles,72806,169560,402280,129815,40122,814583,198,0.000367707,0.000856364,0.002031717,0.000655631,0.000202636,0.004114056,FALSE
Lepidoptera,Noctuidae,Helicoverpa,Helicoverpa armigera,56344,266715,624052,88280,32382,1067773,337,0.000167193,0.000791439,0.001851786,0.000261958,9.61E-05,0.003168466,TRUE
Lepidoptera,Noctuidae,Helicoverpa,Helicoverpa punctigera,62574,336549,1218664,98845,37458,1754090,432,0.000144847,0.000779049,0.002820981,0.000228808,8.67E-05,0.004060394,TRUE
Lepidoptera,Noctuidae,Helicoverpa,helicoverpa zea,59532,284313,664980,99335,41262,1149422,341,0.000174581,0.000833762,0.001950088,0.000291305,0.000121003,0.003370739,TRUE
Lepidoptera,Noctuidae,Heliothis,Heliothis virescens,80628,273492,1487900,139910,49914,2031844,403,0.000200069,0.00067864,0.00369206,0.000347171,0.000123856,0.005041797,FALSE
Diptera,Stratiomyidae,Hermetia,Hermetia illucens,111768,645687,746016,148760,37104,1689335,890,0.000125582,0.000725491,0.00083822,0.000167146,4.17E-05,0.001898129,FALSE
Diptera,Asilidae,Holcocephala,Holcocephala fusca,63478,481113,732708,278925,126108,1682332,516,0.000123019,0.00093239,0.001419977,0.000540552,0.000244395,0.003260333,FALSE
,,Homalodisca,Homalodisca vitripennis,2715418,755382,1809296,488790,121044,5889930,1445,0.001879182,0.000522756,0.001252108,0.000338263,8.38E-05,0.004076076,FALSE
Coleoptera,Curculionidae,Hypothenemus,Hypothenemus hampei,49116,118089,140880,27520,9948,345553,151,0.000325272,0.000782046,0.00093298,0.000182252,6.59E-05,0.00228843,TRUE
,,Isoperla,Isoperla grammatica,350476,697803,1610040,464240,397728,3520287,509,0.000688558,0.001370929,0.003163143,0.000912063,0.000781391,0.006916084,FALSE
Lepidoptera,Nymphalidae,Laparus,Laparus doris,137860,212652,488632,146415,58716,1044275,241,0.000572033,0.000882373,0.002027519,0.000607531,0.000243635,0.004333091,FALSE
Hymenoptera,Halictidae,Lasioglossum,Lasioglossum albipes,648232,316737,341632,200160,91422,1598183,336,0.001929262,0.00094267,0.001016762,0.000595714,0.000272089,0.004756497,TRUE
Hymenoptera,Formicidae,Lasius,Lasius niger,1761344,333708,434992,104250,75696,2709990,236,0.007463322,0.001414017,0.001843186,0.000441737,0.000320746,0.011483008,TRUE
,,Laupala,Laupala kohalensis,1891876,2785443,2745704,435405,182652,8041080,1595,0.001186129,0.001746359,0.001721445,0.000272981,0.000114515,0.005041429,FALSE
Plecoptera,Nemouridae,Lednia,Lednia tumana,482296,303558,652140,392840,157530,1988364,304,0.0015865,0.000998546,0.002145197,0.001292237,0.000518191,0.006540671,FALSE
Hymenoptera,Apidae,Lepidotrigona,Lepidotrigona ventralis,1889914,632343,690108,330915,169428,3712708,333,0.005675417,0.001898928,0.002072396,0.000993739,0.000508793,0.011149273,TRUE
Lepidoptera,Pieridae,Leptidea,Leptidea sinapsis,499386,682641,1214564,320820,117786,2835197,642,0.00077786,0.001063304,0.001891844,0.00049972,0.000183467,0.004416195,TRUE
Coleoptera,Chrysomelidae,Leptinotarsa,Leptinotarsa decemlineata,201538,481290,645032,331990,63300,1723150,641,0.000314412,0.000750842,0.00100629,0.000517925,9.88E-05,0.002688222,TRUE
Hymenoptera,Figitidae,Leptopilina,Leptopilina boulardi,1916638,1156164,728324,151705,85356,4038187,283,0.006772572,0.004085385,0.002573583,0.00053606,0.000301611,0.014269212,TRUE
Hymenoptera,Figitidae,Leptopilina,Leptopilina clavipes,706314,903363,622188,155900,197136,2584901,255,0.002769859,0.0035426,0.002439953,0.000611373,0.000773082,0.010136867,TRUE
Lepidoptera,Hesperiidae,Lerema,Lerema accius,92098,241095,765368,99430,42216,1240207,298,0.000309054,0.000809044,0.002568349,0.000333658,0.000141664,0.004161768,TRUE
Odonata,Libellulidae,Libellula,Libellula fulva,263030,795453,931384,160730,75804,2226401,1158,0.000227142,0.00068692,0.000804304,0.0001388,6.55E-05,0.001922626,TRUE
,,Limnephilus,Limnephilus lunatus,614846,1709169,3255748,1102835,469260,7151858,1369,0.000449121,0.00124848,0.002378194,0.000805577,0.000342776,0.005224148,FALSE
Hymenoptera,Formicidae,Linepithema,Linepithema hunile,841004,282657,340732,95600,43578,1603571,2.19E+08,0.003840201,0.001290671,0.001555854,0.00043653,0.000198986,0.007322242,TRUE
Diptera,Agromyzidae,Liriomyza,Liriomyza trifolii,33936,291288,317316,84860,30762,758162,6.90E+07,0.000491826,0.004221565,0.004598783,0.001229855,0.000445826,0.010987855,FALSE
,,Locusta,Locusta migratoria,17426404,7435557,8893356,2461515,1211850,37428682,5.76E+09,0.003025943,0.001291119,0.001544254,0.000427421,0.000210427,0.006499163,FALSE
Diptera,Calliphoridae,Lucilia,Lucilia cuprina,241098,621420,3231420,273375,48372,4415685,4.34E+08,0.000555525,0.001431843,0.007445668,0.000629896,0.000111456,0.010174389,TRUE
Diptera,Calliphoridae,Lucilia,Lucilia sericata,174950,512601,1393488,121460,20862,2223361,3.19E+08,0.000548433,0.0016069,0.004368301,0.000380752,6.54E-05,0.006969784,FALSE
Diptera,Psychodidae,Lutzomyia,Lutzomyia longipalpis,96224,141702,276760,71555,11874,598115,1.54E+08,0.000624831,0.000920143,0.001797143,0.000464643,7.71E-05,0.003883864,FALSE
,,Machilis,Machilis hrabei,547110,953832,1400624,476515,141072,3519153,2.14E+09,0.000255182,0.000444884,0.000653276,0.000222255,6.58E-05,0.001641396,FALSE
Hemiptera,Pseudococcidae,Maconellicoccus,Maconellicoccus hirsutus,37186,107430,166420,82915,69456,463407,1.63E+08,0.000228135,0.00065908,0.001020982,0.000508681,0.00042611,0.002842988,TRUE
Hymenoptera,Braconidae,Macrocentrus,Macrocentrus cingulum,176912,208776,198544,35545,13680,633457,1.27E+08,0.001393008,0.001643906,0.001563339,0.000279882,0.000107717,0.00498785,TRUE
Lepidoptera,Noctuidae,Mamestra,Mamestra configurata,235632,808158,1733340,398145,158796,3334071,5.71E+08,0.000412665,0.001415338,0.003035622,0.000697277,0.000278102,0.005839004,FALSE
Lepidoptera,Sphingidae,Manduca,Manduca sexta,187264,463494,835880,159285,48870,1694793,4.19E+08,0.000446931,0.001106191,0.00199494,0.000380155,0.000116635,0.004044852,TRUE
Diptera,Cecidomyiidae,Mayetiola,Mayetiola destructor,561174,724497,340544,141210,91068,1858493,1.85E+08,0.003033373,0.0039162,0.001840778,0.000763297,0.000492259,0.010045908,TRUE
,,Medauroidea,Medauroidea extradentata,9210838,1515615,3517188,1145870,148704,15538215,2.59E+09,0.003552194,0.000584503,0.001356417,0.000441909,5.73E-05,0.00599237,FALSE
Hymenoptera,Megachilidae,Megachile,Megachile rotundata,190804,206874,315636,123210,62472,898996,2.72E+08,0.000701485,0.000760566,0.001160426,0.000452978,0.000229676,0.003305132,TRUE
Diptera,Phoridae,Megaselia,Megaselia abdita,142210,421536,870696,273670,48882,1756994,4.12E+08,0.00034517,0.001023146,0.00211334,0.000664248,0.000118646,0.004264549,FALSE
Diptera,Phoridae,Megaselia,Megaselia scalaris,55578,131205,400948,91330,16806,695867,4.90E+08,0.000113424,0.000267765,0.000818261,0.000186388,3.43E-05,0.001420137,FALSE
Hymenoptera,Torymidae,Megastigmus,Megastigmus dorsalis,6124356,1494225,1055988,222920,238866,9136355,5.89E+08,0.010397888,0.002536885,0.001792849,0.000378472,0.000405545,0.015511638,TRUE
Hymenoptera,Torymidae,Megastigmus,Megastigmus stigmatizans,6548840,1381176,1040156,191030,235800,9397002,5.77E+08,0.011349809,0.002393719,0.001802697,0.000331075,0.000408666,0.016285965,TRUE
Hemiptera,Aphididae,Melanaphis,Melanaphis sacchari,963822,1222548,680980,315895,85200,3268445,3.00E+08,0.00321274,0.00407516,0.002269933,0.001052983,0.000284,0.010894817,TRUE
Hymenoptera,Apidae,Melipona,Melipona quadrifasciata,1195126,457365,572136,230805,133338,2588770,2.56E+08,0.004668461,0.001786582,0.002234906,0.000901582,0.000520852,0.010112383,TRUE
Lepidoptera,Nymphalidae,Melitaea,Melitaea cinxia,694702,736599,1382324,237030,84102,3134757,3.89E+08,0.001785866,0.001893571,0.003553532,0.000609332,0.000216201,0.008058501,FALSE
Strepsiptera,Mengenillidae,Mengenill,Mengenill moldrzyki,186204,137763,220372,85190,63330,692859,1.55E+08,0.001201316,0.000888794,0.001421755,0.000549613,0.000408581,0.004470058,FALSE
Hymenoptera,Braconidae,Microplitis,Microplitis demolitor,1186936,961740,712968,138365,118194,3118203,2.41E+08,0.004925046,0.003990622,0.002958373,0.000574129,0.000490432,0.012938602,TRUE
Diptera,Chaoboridae,Mochlonyx,Mochlonyx cinctipes,152536,769134,910800,382640,164892,2380002,4.41E+08,0.000345887,0.001744068,0.002065306,0.000867664,0.000373905,0.00539683,TRUE
Hymenoptera,Formicidae,Monomorium,Monomorium pharaonis,1764730,433026,571728,155980,90966,3016430,2.57E+08,0.006866654,0.001684926,0.002224623,0.000606926,0.000353953,0.011737082,TRUE
Diptera,Muscidae,Musca,Musca domestica,1085148,1365612,2028464,247945,65754,4792923,7.50E+08,0.001446864,0.001820816,0.002704619,0.000330593,8.77E-05,0.006390564,TRUE
Hemiptera,Aphididae,Myzus,Myzus persicae,962862,1552545,656028,350130,93246,3614811,3.47E+08,0.002774818,0.004474193,0.001890571,0.00100902,0.00026872,0.010417323,TRUE
Hymenoptera,Pteromalidae,Nasonia,Nasonia giraulti,1624388,451191,211756,32625,22110,2342070,2.83E+08,0.005739887,0.001594314,0.000748254,0.000115283,7.81E-05,0.008275866,TRUE
Hymenoptera,Pteromalidae,Nasonia,Nasonia longicornis,1542792,446832,215284,33630,21702,2260240,2.85E+08,0.005413305,0.001567832,0.000755382,0.000118,7.61E-05,0.007930667,TRUE
Hymenoptera,Pteromalidae,Nasonia,Nasonia vitripennis,3174836,611922,309920,53030,37020,4186728,2.95E+08,0.010762156,0.002074312,0.001050576,0.000179763,0.000125492,0.014192298,TRUE
Diptera,Sarchophagidae,Neobellieria,Neobellieria bullata,794980,1172547,1678264,485780,345036,4476607,3.96E+08,0.002007525,0.002960977,0.00423804,0.001226717,0.000871303,0.011304563,FALSE
Hymenoptera,Diprionidae,Neodiprion,Neodiprion lecontei,733124,491622,416428,124515,81390,1847079,2.39E+08,0.003067464,0.002056996,0.001742377,0.000520983,0.000340544,0.007728364,TRUE
Lepidoptera,Nymphalidae,Neruda,Neruda aoede,608674,384039,817888,253225,45330,2109156,3.37E+08,0.001806154,0.001139582,0.002426967,0.000751409,0.00013451,0.006258623,FALSE
Coleoptera,Silphidae,Nicrophorus,Nicrophorus vespilloides,354784,586692,532480,100060,14568,1588584,1.95E+08,0.001819405,0.003008677,0.002730667,0.000513128,7.47E-05,0.008146585,TRUE
Hemiptera,Dephacidae,Nilaparvata,Nilaparvata lugens,2402202,5427861,2982608,916460,447036,12176167,1.14E+09,0.002107195,0.004761282,0.002616323,0.000803912,0.000392137,0.010680848,TRUE
Hemiptera,Lygaeidae,Oncopeltus,Oncopeltus fasciatus,9354504,1021734,2638540,547555,228966,13791299,1.10E+09,0.008511833,0.000929694,0.002400855,0.00049823,0.00020834,0.012548953,TRUE
Coleoptera,Scarabaeidae,Onthophagus,Onthophagus taurus,55910,304506,319396,117665,16668,814145,2.67E+08,0.000209401,0.001140472,0.00119624,0.000440693,6.24E-05,0.003049232,TRUE
Hymenoptera,Formicidae,Ooceraea,Ooceraea biroi,641380,297345,363656,109250,59808,1471439,2.12E+08,0.003025377,0.001402571,0.001715358,0.00051533,0.000282113,0.00694075,TRUE
Lepidoptera,Geometridae,Operophtera,Operophtera brumata,891088,1429308,3896496,916910,359514,7493316,6.38E+08,0.00139669,0.002240295,0.006107361,0.001437163,0.000563502,0.011745009,TRUE
Hymenoptera,Ormnyridae,Ormyrus,Ormyrus nitidulus,1510086,621936,397120,89045,45978,2664165,2.59E+08,0.005830448,0.002401297,0.001533282,0.000343803,0.000177521,0.010286351,TRUE
Hymenoptera,Ormnyridae,Ormyrus,Ormyrus pomaceus,1729018,703791,427184,97245,55842,3013080,2.66E+08,0.006500068,0.002645831,0.001605955,0.000365583,0.000209932,0.011327368,TRUE
Hymenoptera,Orussidae,Orussus,Orussus abietinus,175938,89352,166212,60165,40962,532629,1.86E+08,0.000945903,0.000480387,0.000893613,0.000323468,0.000220226,0.002863597,TRUE
Coleoptera,Scarabaeidae,Oryctes,Oryctes borbonicus,151642,482235,572588,150965,55500,1412930,4.23E+08,0.000358492,0.001140035,0.001353636,0.000356891,0.000131206,0.00334026,TRUE
Hemiptera,Aphalaridae,Pachypsylla,Pachypsylla venusta,450440,878340,887596,134095,15666,2366137,4.79E+08,0.000940376,0.001833695,0.001853019,0.000279948,3.27E-05,0.004939743,FALSE
Lepidoptera,Papilionidae,Papilio,Papilio glaucus,111872,355944,927008,192390,31566,1618780,3.74E+08,0.000299123,0.000951722,0.002478631,0.000514412,8.44E-05,0.004328289,TRUE
Lepidoptera,Papilionidae,Papilio,Papilio machaon,117380,297024,770812,146860,46032,1378108,2.78E+08,0.00042223,0.001068432,0.002772705,0.000528273,0.000165583,0.004957223,TRUE
Lepidoptera,Papilionidae,Papilio,Papilio memnon,49072,217479,661980,100365,53844,1082740,2.19E+08,0.000224073,0.000993055,0.00302274,0.000458288,0.000245863,0.004944018,FALSE
Lepidoptera,Papilionidae,Papilio,papilio polytes,43484,191736,614936,119555,36936,1006647,2.27E+08,0.000191559,0.000844652,0.002708969,0.000526674,0.000162714,0.004434568,TRUE
Lepidoptera,Papilionidae,Papilio,Papilio xuthus,124702,288246,605196,127660,37770,1183574,2.43E+08,0.000513177,0.001186198,0.002490519,0.00052535,0.000155432,0.004870675,TRUE
Hemiptera,Pseudococcidae,Paracoccus,Paracoccus marginatus,73286,233244,381204,175115,79974,942823,1.91E+08,0.000383696,0.001221173,0.001995832,0.000916832,0.000418712,0.004936246,TRUE
Diptera,Rhinophoridae,Paykullia,Paykullia maculata,610628,612948,2258232,267185,87906,3836899,4.22E+08,0.001446986,0.001452483,0.005351261,0.00063314,0.000208308,0.009092178,TRUE
Phthiraptera,Pediculidae,Pediculus,Pediculus humanus,1412814,5334639,1620804,296130,234456,8898843,1.10E+08,0.012843764,0.048496718,0.014734582,0.002692091,0.002131418,0.080898573,TRUE
,,Periplaneta,Periplaneta americana,2903838,21498183,20979336,5164230,907128,51452715,3.37E+09,0.000860651,0.00637172,0.006217942,0.001530596,0.000268858,0.015249767,FALSE
,,Philaenus,Philaenus spumarius,617236,750150,1425584,391865,58254,3243089,1.25E+09,0.00049458,0.000601082,0.001142295,0.000313994,4.67E-05,0.002598629,FALSE
Diptera,Psychodidae,Phlebotomus,Phlebotomus papatasi,113714,357837,430188,145430,44376,1091545,3.63E+08,0.000313262,0.000985777,0.001185091,0.000400634,0.000122248,0.003007011,FALSE
Lepidoptera,Pieridae,Phoebis,Phoebis sennae,100506,259836,1114280,203460,67494,1745576,2.87E+08,0.000350195,0.000905352,0.003882509,0.00070892,0.000235171,0.006082146,TRUE
Diptera,Calliphoridae,Phormia,Phormia regina,690938,1417353,2715384,341875,150456,5316006,5.49E+08,0.001258539,0.002581699,0.004946055,0.000622723,0.000274055,0.009683071,TRUE
Diptera,Drosophilidae,Phortica,Phortica variegata,796464,1274439,878032,266065,151620,3366620,1.55E+08,0.005138477,0.008222187,0.005664723,0.001716548,0.000978194,0.021720129,TRUE
Lepidoptera,Pieridae,Pieris,Pieris rapae,186104,302991,660556,158990,30042,1338683,2.45E+08,0.000759608,0.001236698,0.002696147,0.000648939,0.00012262,0.005464012,TRUE
,,Piezodorus,Piezodorus guildinii,2042,2907,4908,1615,324,11796,3.00E+06,0.000680667,0.000969,0.001636,0.000538333,0.000108,0.003932,FALSE
Lepidoptera,Pyralidae,Plodia,Plodia interpunctella,596906,347967,1337560,193490,105426,2581349,3.82E+08,0.001562581,0.000910908,0.003501466,0.000506518,0.000275984,0.006757458,TRUE
Lepidoptera,Plutellidae,Plutella,Plutella xylostella,232410,698310,1161772,359850,153726,2606068,3.93E+08,0.000591374,0.00177687,0.002956163,0.000915649,0.00039116,0.006631216,FALSE
Hymenoptera,Formicidae,Pogomyrmex,Pogomyrmex barbatus,2076946,468246,544672,179185,100758,3369807,2.35E+08,0.008838068,0.001992536,0.002317753,0.000762489,0.000428757,0.014339604,TRUE
Coleoptera,Carabidae,Pogonus,Pogonus chalceus,413484,297255,666396,185115,44664,1606914,2.80E+08,0.001476729,0.001061625,0.002379986,0.000661125,0.000159514,0.005738979,TRUE
Hymenoptera,Vespidae,Polistes,Polistes canadensis,2734186,1677048,1375504,413675,350250,6550663,2.11E+08,0.012958227,0.007948095,0.006518976,0.001960545,0.001659953,0.031045796,TRUE
Hymenoptera,Vespidae,Polistes,Polistes dominula,2958176,2251491,1486780,534975,417810,7649232,2.08E+08,0.014222,0.010824476,0.007147981,0.002571995,0.002008702,0.036775154,TRUE
Coleoptera,Cupedidae,Priacma,Priacma serrata,2148,10068,14956,4260,768,32200,1.20E+07,0.000179,0.000839,0.001246333,0.000355,6.40E-05,0.002683333,FALSE
Diptera,Asilidae,Proctacanthus,Proctacanthus coquilletti,43738,224361,293084,107295,88110,756588,2.08E+08,0.000210279,0.001078659,0.001409058,0.000515841,0.000423606,0.003637442,TRUE
Hemiptera,Pseudococcidae,Pseudococcus,Pseudococcus longispinus,37748,162852,363696,148020,85416,797732,2.84E+08,0.000132915,0.000573423,0.00128062,0.000521197,0.000300761,0.002808915,TRUE
Hymenoptera,Formicidae,Pseudomyrmex,Pseudomyrmex gracilis,2468220,500112,552392,144445,84474,3749643,2.82E+08,0.008752553,0.001773447,0.001958837,0.000512216,0.000299553,0.013296606,TRUE
Diptera,Tephritidae,Rhagoletis,Rhagoletis zephyria,1250656,2670321,4101260,866560,758280,9647077,1.11E+09,0.00112368,0.00239921,0.00368487,0.00077858,0.000681294,0.008667634,TRUE
Hemiptera,Reduviidae,Rhodnius,Rhodnius prolixus,539306,1081089,1182232,407825,150234,3360686,7.06E+08,0.00076389,0.001531288,0.00167455,0.000577656,0.000212796,0.004760178,TRUE
Diptera,Drosophilidae,Scaptodrosophila,Scaptodrosophila lebanonesis,1010860,995766,1479832,272220,237828,3996506,2.47E+08,0.004092551,0.004031441,0.005991223,0.001102105,0.000962866,0.016180186,TRUE
Hemiptera,Aphididae,Schizaphis,Schizaphis graminum,1048680,1518483,764764,458395,107388,3897710,3.85E+08,0.002723844,0.003944112,0.0019864,0.001190636,0.00027893,0.010123922,TRUE
Hemiptera,Aphididae,Sipha,Sipha flava,1143944,1171491,773084,287360,100662,3476541,3.53E+08,0.003240635,0.003318671,0.00219004,0.000814051,0.000285161,0.009848558,TRUE
Coleoptera,Curculionidae,Sitophilus,Sitophilus oryzae,600112,583758,1034280,437225,228054,2883429,6.51E+08,0.000921831,0.00089671,0.001588756,0.000671621,0.000350313,0.00442923,TRUE
Hymenoptera,Formicidae,Solenopsis,Solenopsis invicta,1633004,566223,743296,225800,129744,3298067,3.96E+08,0.004123747,0.001429856,0.00187701,0.000570202,0.000327636,0.008328452,TRUE
Diptera,Diopsidae,Sphyracephala,Sphyracephala brevicornis,226804,436032,727468,323795,181686,1895785,3.15E+08,0.000720013,0.001384229,0.002309422,0.001027921,0.000576781,0.006018365,FALSE
Lepidoptera,Noctuidae,Spodoptera,Spodoptera frugiperda,204390,432516,1485560,481590,162900,2766956,5.14E+08,0.000397646,0.000841471,0.002890195,0.000936946,0.000316926,0.005383183,TRUE
Lepidoptera,Noctuidae,Spodoptera,Spodoptera litura,180302,429303,1136064,357030,142554,2245253,4.38E+08,0.000411648,0.000980144,0.002593753,0.000815137,0.000325466,0.005126148,TRUE
Diptera,Muscidae,Stomoxys,Stomoxys calcitrans,957572,993477,1981768,736320,134796,4803933,9.71E+08,0.000986171,0.001023148,0.002040956,0.000758311,0.000138822,0.004947408,TRUE
Hymenoptera,Cynipidae,Synergus,Synergus umbraculus,270718,256161,341332,110630,55266,1034107,2.35E+08,0.001151991,0.001090047,0.001452477,0.000470766,0.000235174,0.004400455,TRUE
Diptera,Diopsidae,Teleopsis,Teleopsis dalmanni,857964,1307460,2200912,808835,473496,5648667,6.21E+08,0.001381585,0.002105411,0.003544142,0.001302472,0.000762473,0.009096082,TRUE
Hymenoptera,Formicidae,Temnothorax,Temnothorax curvispinosus,1255590,389646,525132,172095,117078,2459541,3.03E+08,0.004143861,0.00128596,0.001733109,0.00056797,0.000386396,0.008117297,TRUE
Diptera,Tephritidae,Tephritis,Tephritis californica,102804,453894,610096,178265,101358,1446417,3.42E+08,0.000300596,0.001327175,0.001783906,0.000521243,0.000296368,0.004229289,FALSE
Diptera,Sepsidae,Themira,Themira minor,201080,543498,179368,58295,12120,994361,9.90E+07,0.002031111,0.005489879,0.001811798,0.000588838,0.000122424,0.010044051,FALSE
Phasmatodea,Timematidae,Timema,Timema cristinae,2334116,3974232,1697620,407570,118698,8532236,9.55E+08,0.002444101,0.004161499,0.001777613,0.000426775,0.000124291,0.008934279,TRUE
Diptera,Tipulidae,Tipula,Tipula oleracea,148568,400191,562964,183325,43008,1338056,5.41E+08,0.000274617,0.000739725,0.001040599,0.000338863,7.95E-05,0.002473301,FALSE
Hemiptera,Pseudococcidae,Trabutina,Trabutina mannipara,203818,224691,292520,116190,64032,901251,1.72E+08,0.001184988,0.001306343,0.001700698,0.000675523,0.000372279,0.005239831,TRUE
Hymenoptera,Formicidae,Trachymyrmex,Trachymyrmex cornetzi,1407286,371952,526032,170285,82968,2558523,3.69E+08,0.003813783,0.001008,0.001425561,0.000461477,0.000224846,0.006933667,TRUE
Hymenoptera,Formicidae,Trachymyrmex,Trachymyrmex septentrionalis,1942292,387321,545036,169725,85098,3129472,2.91E+08,0.006674543,0.001331,0.001872976,0.000583247,0.000292433,0.010754199,TRUE
Hymenoptera,Formicidae,Trachymyrmex,Trachymyrmex zeteki,1139136,278868,421512,116590,59064,2015170,2.67E+08,0.004266427,0.001044449,0.001578697,0.000436667,0.000221213,0.007547453,TRUE
Coleoptera,Tenebrionidae,Tribolium,Tribolium castaneum,34714,290361,228660,89145,47700,690580,1.65E+08,0.000210388,0.001759764,0.001385818,0.000540273,0.000289091,0.004185333,TRUE
Hymenoptera,Trichogrammatidae,Trichogramma,Trichogramma pretiosum,1365186,1100886,377652,74715,43734,2962173,1.87E+08,0.00730046,0.005887091,0.002019529,0.000399545,0.000233872,0.015840497,TRUE
Hymenoptera,Pteromalidae,Trichomalopsis,Trichomalopsis sarcophagae,2933936,603870,305760,55470,31692,3930728,2.36E+08,0.012431932,0.002558771,0.001295593,0.000235042,0.000134288,0.016655627,TRUE
Lepidoptera,Noctuidae,Trichoplusia,Trichoplusia ni,81152,311535,843308,170460,53166,1459621,3.68E+08,0.000220522,0.000846563,0.002291598,0.000463207,0.000144473,0.003966361,TRUE
Hemiptera,Pseudococcidae,Trionymus,Trionymus perrisii,78178,246888,422544,210010,114366,1071986,2.37E+08,0.000329865,0.001041722,0.001782886,0.000886118,0.000482557,0.004523148,FALSE
,,Trupanea,Trupanea jonesi,46084,169710,196472,83740,28206,524212,9.70E+07,0.000475093,0.001749588,0.002025485,0.000863299,0.000290784,0.005404247,FALSE
Lepidoptera,Nymphalidae,Vanessa,Vanessa tameamea,357306,385185,917264,278385,65604,2003744,3.57E+08,0.001000857,0.00107895,0.002569367,0.00077979,0.000183765,0.005612728,TRUE
Hymenoptera,Formicidae,Vollenhovia,Vollenhovia emeryi,1036312,354021,405772,133155,88158,2017418,2.87E+08,0.003610843,0.001233523,0.00141384,0.000463955,0.000307171,0.007029331,TRUE
Hymenoptera,Formicidae,Wasmannia,Wasmannia auropunctata,1794192,511230,590776,202985,101898,3201081,3.24E+08,0.00553763,0.00157787,0.001823383,0.000626497,0.0003145,0.00987988,TRUE
Orthoptera,Acrididae,Xenocatantops,Xenocatantops brachycerus,120022,105936,32284,8935,13494,280671,4.10E+07,0.002927366,0.002583805,0.000787415,0.000217927,0.000329122,0.006845634,FALSE
Diptera,Drosophilidae,Zaprionus,Zaprionus indianus,795264,754659,363092,131785,155484,2200284,1.23E+08,0.006465561,0.006135439,0.002951967,0.001071423,0.001264098,0.017888488,TRUE
Diptera,Tephritidae,Zeugodacus,Zeugodacus cucurbitae,564230,898905,1140348,337315,180330,3121128,3.74E+08,0.001508636,0.002403489,0.003049059,0.000901912,0.000482166,0.008345262,TRUE
Blattodea,Archotermopsidae,Zootermopsis,Zootermopsis nevadensis,431474,516315,748600,431000,40332,2167721,4.85E+08,0.000889637,0.001064567,0.001543505,0.00088866,8.32E-05,0.004469528,TRUE